,producto,provincia
0,INCULTO,Jujuy
1,INCULTO,Mendoza
2,INCULTO,Entre Ríos
3,INCULTO,Salta
4,INCULTO,Río Negro
5,INCULTO,Catamarca
6,INCULTO,Chaco
7,INCULTO,Corrientes
8,INCULTO,San Juan
9,INCULTO,Formosa
10,INCULTO,Buenos Aires
11,INCULTO,Tucumán
12,INCULTO,San Luis
13,MONTE,Misiones
14,MONTE,Entre Ríos
15,MONTE,Tucumán
16,MONTE,San Luis
17,MONTE,San Juan
18,MONTE,Mendoza
19,MONTE,Corrientes
20,MONTE,Río Negro
21,MONTE,Chubut
22,MONTE,Salta
23,MONTE,Buenos Aires
24,MONTE,Jujuy
25,MONTE,La Rioja
26,ZAPALLO,Entre Ríos
27,ZAPALLO,Chaco
28,ZAPALLO,Río Negro
29,ZAPALLO,Buenos Aires
30,ZAPALLO,San Luis
31,ZAPALLO,Córdoba
32,ZAPALLO,Ciudad de Buenos Aires
33,ZAPALLO,San Juan
34,ZAPALLO,Neuquén
35,ZAPALLO,La Rioja
36,ZAPALLO,Mendoza
37,CAMPO NATURAL,Chaco
38,CAMPO NATURAL,Entre Ríos
39,CAMPO NATURAL,Salta
40,CAMPO NATURAL,Chubut
41,CAMPO NATURAL,Jujuy
42,CAMPO NATURAL,Buenos Aires
43,CAMPO NATURAL,Corrientes
44,CAMPO NATURAL,Mendoza
45,CAMPO NATURAL,San Juan
46,TERNEROS,Chubut
47,TERNEROS,Buenos Aires
48,TERNEROS,San Luis
49,TERNEROS,Córdoba
50,TERNEROS,Entre Ríos
51,TERNEROS,Santa Cruz
52,TERNEROS,Tierra del Fuego
53,TERNEROS,Misiones
54,TERNEROS,Río Negro
55,VACAS,Tierra del Fuego
56,VACAS,Santa Cruz
57,VACAS,San Luis
58,VACAS,Córdoba
59,VACAS,Chubut
60,VACAS,Entre Ríos
61,VACAS,Buenos Aires
62,VACAS,Misiones
63,VACAS,Río Negro
64,VAQUILLONAS,Buenos Aires
65,VAQUILLONAS,Río Negro
66,VAQUILLONAS,Entre Ríos
67,VAQUILLONAS,Tierra del Fuego
68,VAQUILLONAS,Santa Cruz
69,VAQUILLONAS,Misiones
70,VAQUILLONAS,Córdoba
71,VAQUILLONAS,Chubut
72,VAQUILLONAS,San Luis
73,MIEL,Chaco
74,MIEL,Ciudad de Buenos Aires
75,MIEL,Buenos Aires
76,MIEL,Mendoza
77,MIEL,Córdoba
78,MIEL,Santa Fe
79,MIEL,Entre Ríos
80,MIEL,Santiago del Estero
81,TOROS,Chubut
82,TOROS,Buenos Aires
83,TOROS,Río Negro
84,TOROS,Misiones
85,TOROS,Entre Ríos
86,TOROS,Córdoba
87,TOROS,San Luis
88,TOROS,Tierra del Fuego
89,CEREALES,Buenos Aires
90,CEREALES,Salta
91,CEREALES,Entre Ríos
92,CEREALES,Santiago del Estero
93,CEREALES,Santa Fe
94,CEREALES,Ciudad de Buenos Aires
95,CEREALES,Córdoba
96,CIRUELA,Ciudad de Buenos Aires
97,CIRUELA,Mendoza
98,CIRUELA,Río Negro
99,CIRUELA,Neuquén
100,CIRUELA,Buenos Aires
101,CIRUELA,Entre Ríos
102,CIRUELA,San Juan
103,DURAZNO,Ciudad de Buenos Aires
104,DURAZNO,San Juan
105,DURAZNO,Buenos Aires
106,DURAZNO,Entre Ríos
107,DURAZNO,Mendoza
108,DURAZNO,Río Negro
109,DURAZNO,Neuquén
110,MAIZ,La Rioja
111,MAIZ,Córdoba
112,MAIZ,Buenos Aires
113,MAIZ,San Luis
114,MAIZ,Salta
115,MAIZ,Ciudad de Buenos Aires
116,MAIZ,Entre Ríos
117,OLEAGINOSAS,Salta
118,OLEAGINOSAS,Entre Ríos
119,OLEAGINOSAS,Santa Fe
120,OLEAGINOSAS,Buenos Aires
121,OLEAGINOSAS,Córdoba
122,OLEAGINOSAS,Ciudad de Buenos Aires
123,OLEAGINOSAS,Santiago del Estero
124,ACEITE DE OLIVA,La Rioja
125,ACEITE DE OLIVA,Córdoba
126,ACEITE DE OLIVA,Ciudad de Buenos Aires
127,ACEITE DE OLIVA,Buenos Aires
128,ACEITE DE OLIVA,Catamarca
129,ACEITE DE OLIVA,Mendoza
130,AJO,San Juan
131,AJO,Buenos Aires
132,AJO,San Luis
133,AJO,Entre Ríos
134,AJO,Ciudad de Buenos Aires
135,AJO,Mendoza
136,AROMATICAS,Misiones
137,AROMATICAS,Santiago del Estero
138,AROMATICAS,Mendoza
139,AROMATICAS,Santa Fe
140,AROMATICAS,Córdoba
141,AROMATICAS,Salta
142,CEREZA,Mendoza
143,CEREZA,Neuquén
144,CEREZA,San Juan
145,CEREZA,Ciudad de Buenos Aires
146,CEREZA,Río Negro
147,CEREZA,Chubut
148,CHIA SALVIA HISPANICA L,Salta
149,CHIA SALVIA HISPANICA L,Tucumán
150,CHIA SALVIA HISPANICA L,Jujuy
151,CHIA SALVIA HISPANICA L,Catamarca
152,CHIA SALVIA HISPANICA L,Ciudad de Buenos Aires
153,CHIA SALVIA HISPANICA L,Buenos Aires
154,GIRASOL,Córdoba
155,GIRASOL,Ciudad de Buenos Aires
156,GIRASOL,Santa Fe
157,GIRASOL,Entre Ríos
158,GIRASOL,Buenos Aires
159,GIRASOL,La Pampa
160,LIMON,Tucumán
161,LIMON,Entre Ríos
162,LIMON,Misiones
163,LIMON,Buenos Aires
164,LIMON,Corrientes
165,LIMON,San Juan
166,MANDARINA,San Juan
167,MANDARINA,Buenos Aires
168,MANDARINA,Misiones
169,MANDARINA,Tucumán
170,MANDARINA,Entre Ríos
171,MANDARINA,Corrientes
172,MANZANA,San Juan
173,MANZANA,Mendoza
174,MANZANA,Ciudad de Buenos Aires
175,MANZANA,Río Negro
176,MANZANA,Buenos Aires
177,MANZANA,Neuquén
178,NARANJA,Misiones
179,NARANJA,Tucumán
180,NARANJA,San Juan
181,NARANJA,Buenos Aires
182,NARANJA,Entre Ríos
183,NARANJA,Corrientes
184,PERA,Buenos Aires
185,PERA,Mendoza
186,PERA,San Juan
187,PERA,Río Negro
188,PERA,Ciudad de Buenos Aires
189,PERA,Neuquén
190,TERNERAS,Tierra del Fuego
191,TERNERAS,Chubut
192,TERNERAS,Buenos Aires
193,TERNERAS,Entre Ríos
194,TERNERAS,San Luis
195,TERNERAS,Río Negro
196,TOMATE,Mendoza
197,TOMATE,La Rioja
198,TOMATE,San Juan
199,TOMATE,Buenos Aires
200,TOMATE,Entre Ríos
201,TOMATE,Córdoba
202,TRIGO,Buenos Aires
203,TRIGO,Ciudad de Buenos Aires
204,TRIGO,Entre Ríos
205,TRIGO,Córdoba
206,TRIGO,Santa Fe
207,TRIGO,Jujuy
208,VID,Mendoza
209,VID,Río Negro
210,VID,San Juan
211,VID,La Rioja
212,VID,Salta
213,VID,Catamarca
214,VINO,Salta
215,VINO,Catamarca
216,VINO,Ciudad de Buenos Aires
217,VINO,San Juan
218,VINO,Mendoza
219,VINO,La Rioja
220,ACEITUNAS,Mendoza
221,ACEITUNAS,La Rioja
222,ACEITUNAS,San Juan
223,ACEITUNAS,Córdoba
224,ACEITUNAS,Ciudad de Buenos Aires
225,ALFALFA,Córdoba
226,ALFALFA,San Juan
227,ALFALFA,Buenos Aires
228,ALFALFA,Mendoza
229,ALFALFA,Salta
230,ALZA MELARIA,Buenos Aires
231,ALZA MELARIA,La Pampa
232,ALZA MELARIA,Córdoba
233,ALZA MELARIA,Jujuy
234,ALZA MELARIA,Chaco
235,ARANDANO,Chubut
236,ARANDANO,Río Negro
237,ARANDANO,Ciudad de Buenos Aires
238,ARANDANO,Buenos Aires
239,ARANDANO,Tucumán
240,ARROZ,Buenos Aires
241,ARROZ,Entre Ríos
242,ARROZ,Chaco
243,ARROZ,Ciudad de Buenos Aires
244,ARROZ,Corrientes
245,AZUCAR DE CAÑA,Tucumán
246,AZUCAR DE CAÑA,Salta
247,AZUCAR DE CAÑA,Misiones
248,AZUCAR DE CAÑA,Jujuy
249,AZUCAR DE CAÑA,Ciudad de Buenos Aires
250,CEBOLLA,Mendoza
251,CEBOLLA,Córdoba
252,CEBOLLA,San Luis
253,CEBOLLA,Ciudad de Buenos Aires
254,CEBOLLA,Buenos Aires
255,CENTENO,Córdoba
256,CENTENO,Buenos Aires
257,CENTENO,Ciudad de Buenos Aires
258,CENTENO,Entre Ríos
259,CENTENO,Mendoza
260,CHIA,Salta
261,CHIA,Entre Ríos
262,CHIA,Tucumán
263,CHIA,Córdoba
264,CHIA,Ciudad de Buenos Aires
265,DAMASCO,San Juan
266,DAMASCO,Río Negro
267,DAMASCO,Neuquén
268,DAMASCO,Ciudad de Buenos Aires
269,DAMASCO,Mendoza
270,DESCANSO,Salta
271,DESCANSO,Mendoza
272,DESCANSO,Corrientes
273,DESCANSO,Río Negro
274,DESCANSO,Buenos Aires
275,FRAMBUESA,Chubut
276,FRAMBUESA,Río Negro
277,FRAMBUESA,Buenos Aires
278,FRAMBUESA,San Luis
279,FRAMBUESA,Tucumán
280,GANADERIA BOVINA,Santa Cruz
281,GANADERIA BOVINA,Córdoba
282,GANADERIA BOVINA,Chubut
283,GANADERIA BOVINA,Río Negro
284,GANADERIA BOVINA,Buenos Aires
285,MAIZ PISINGALLO,Salta
286,MAIZ PISINGALLO,Santa Fe
287,MAIZ PISINGALLO,Entre Ríos
288,MAIZ PISINGALLO,Ciudad de Buenos Aires
289,MAIZ PISINGALLO,Buenos Aires
290,NOVILLOS,Buenos Aires
291,NOVILLOS,Tierra del Fuego
292,NOVILLOS,Entre Ríos
293,NOVILLOS,Río Negro
294,NOVILLOS,Chubut
295,OLIVO,Mendoza
296,OLIVO,Córdoba
297,OLIVO,La Rioja
298,OLIVO,Buenos Aires
299,OLIVO,San Juan
300,OREGANO,Córdoba
301,OREGANO,Catamarca
302,OREGANO,San Luis
303,OREGANO,San Juan
304,OREGANO,Buenos Aires
305,POMELO,San Juan
306,POMELO,Formosa
307,POMELO,Buenos Aires
308,POMELO,Misiones
309,POMELO,Entre Ríos
310,SESAMO,Tucumán
311,SESAMO,Buenos Aires
312,SESAMO,Salta
313,SESAMO,Córdoba
314,SESAMO,Jujuy
315,SOJA,Córdoba
316,SOJA,Santa Fe
317,SOJA,Entre Ríos
318,SOJA,Buenos Aires
319,SOJA,Ciudad de Buenos Aires
320,SUBPRODUCTOS DE LA COLMENA,Santa Fe
321,SUBPRODUCTOS DE LA COLMENA,Santiago del Estero
322,SUBPRODUCTOS DE LA COLMENA,Buenos Aires
323,SUBPRODUCTOS DE LA COLMENA,Córdoba
324,SUBPRODUCTOS DE LA COLMENA,Chaco
325,ARANDANOS,Río Negro
326,ARANDANOS,Chubut
327,ARANDANOS,Buenos Aires
328,ARANDANOS,Entre Ríos
329,CEBADA,Córdoba
330,CEBADA,Entre Ríos
331,CEBADA,Buenos Aires
332,CEBADA,Ciudad de Buenos Aires
333,CIRUELAS,Mendoza
334,CIRUELAS,Córdoba
335,CIRUELAS,Neuquén
336,CIRUELAS,Río Negro
337,COLMENAS,Chaco
338,COLMENAS,Buenos Aires
339,COLMENAS,Córdoba
340,COLMENAS,La Pampa
341,ESPARRAGOS,Mendoza
342,ESPARRAGOS,San Juan
343,ESPARRAGOS,Córdoba
344,ESPARRAGOS,Buenos Aires
345,FRUTILLA,Buenos Aires
346,FRUTILLA,Ciudad de Buenos Aires
347,FRUTILLA,Tucumán
348,FRUTILLA,Chubut
349,GARBANZO,Buenos Aires
350,GARBANZO,Ciudad de Buenos Aires
351,GARBANZO,Córdoba
352,GARBANZO,Tucumán
353,HIGOS,Santa Fe
354,HIGOS,San Juan
355,HIGOS,Mendoza
356,HIGOS,Buenos Aires
357,LANA SUCIA,Ciudad de Buenos Aires
358,LANA SUCIA,Chubut
359,LANA SUCIA,Santa Cruz
360,LANA SUCIA,Río Negro
361,NUCLEOS,Buenos Aires
362,NUCLEOS,Córdoba
363,NUCLEOS,Chaco
364,NUCLEOS,La Pampa
365,OLIVOS,La Rioja
366,OLIVOS,Mendoza
367,OLIVOS,Catamarca
368,OLIVOS,San Juan
369,PASAS DE UVA,La Rioja
370,PASAS DE UVA,San Juan
371,PASAS DE UVA,Ciudad de Buenos Aires
372,PASAS DE UVA,Catamarca
373,POROTO,Tucumán
374,POROTO,Córdoba
375,POROTO,Salta
376,POROTO,Ciudad de Buenos Aires
377,ROMERO,Córdoba
378,ROMERO,San Juan
379,ROMERO,Buenos Aires
380,ROMERO,San Luis
381,SORGO,Santa Fe
382,SORGO,Ciudad de Buenos Aires
383,SORGO,Buenos Aires
384,SORGO,Entre Ríos
385,ZANAHORIA,Ciudad de Buenos Aires
386,ZANAHORIA,Córdoba
387,ZANAHORIA,Mendoza
388,ZANAHORIA,Buenos Aires
389,ACEITE DE SOJA,Buenos Aires
390,ACEITE DE SOJA,Córdoba
391,ACEITE DE SOJA,Ciudad de Buenos Aires
392,ACELGA,Córdoba
393,ACELGA,Buenos Aires
394,ACELGA,San Juan
395,ARANDANO CONGELADO,Tucumán
396,ARANDANO CONGELADO,Buenos Aires
397,ARANDANO CONGELADO,Ciudad de Buenos Aires
398,BATATA,La Rioja
399,BATATA,Buenos Aires
400,BATATA,Ciudad de Buenos Aires
401,BORREGAS,Santa Cruz
402,BORREGAS,Río Negro
403,BORREGAS,Chubut
404,BORREGOS,Santa Cruz
405,BORREGOS,Río Negro
406,BORREGOS,Chubut
407,BROCOLI,Buenos Aires
408,BROCOLI,Mendoza
409,BROCOLI,San Juan
410,CAPONES,Río Negro
411,CAPONES,Chubut
412,CAPONES,Santa Cruz
413,CARNEROS,Santa Cruz
414,CARNEROS,Chubut
415,CARNEROS,Río Negro
416,CAÑA DE AZUCAR,Jujuy
417,CAÑA DE AZUCAR,Misiones
418,CAÑA DE AZUCAR,Salta
419,CERA,Buenos Aires
420,CERA,Córdoba
421,CERA,Chaco
422,CEREZAS,Neuquén
423,CEREZAS,Río Negro
424,CEREZAS,Chubut
425,CORDEROS,Chubut
426,CORDEROS,Santa Cruz
427,CORDEROS,Río Negro
428,ESPINACA,Córdoba
429,ESPINACA,San Juan
430,ESPINACA,Buenos Aires
431,FRUTILLA CONGELADA,Ciudad de Buenos Aires
432,FRUTILLA CONGELADA,Tucumán
433,FRUTILLA CONGELADA,Buenos Aires
434,GANADERIA OVINA CARNE,Santa Cruz
435,GANADERIA OVINA CARNE,Río Negro
436,GANADERIA OVINA CARNE,Chubut
437,LANA,Chubut
438,LANA,Río Negro
439,LANA,Santa Cruz
440,LAVANDA,San Luis
441,LAVANDA,Buenos Aires
442,LAVANDA,San Juan
443,LECHUGA,Buenos Aires
444,LECHUGA,San Juan
445,LECHUGA,Córdoba
446,LEGUMINOSAS,Santiago del Estero
447,LEGUMINOSAS,Salta
448,LEGUMINOSAS,Córdoba
449,LINO,Buenos Aires
450,LINO,Entre Ríos
451,LINO,Ciudad de Buenos Aires
452,MELON,La Rioja
453,MELON,San Juan
454,MELON,Córdoba
455,MEMBRILLO,San Juan
456,MEMBRILLO,Río Negro
457,MEMBRILLO,Mendoza
458,MENTA,San Luis
459,MENTA,Buenos Aires
460,MENTA,San Juan
461,MIJO,Entre Ríos
462,MIJO,Buenos Aires
463,MIJO,Ciudad de Buenos Aires
464,MORA,Chubut
465,MORA,Buenos Aires
466,MORA,Tucumán
467,MOSTAZA,Entre Ríos
468,MOSTAZA,San Juan
469,MOSTAZA,Buenos Aires
470,NOGAL,Mendoza
471,NOGAL,San Juan
472,NOGAL,Río Negro
473,NUECES,Río Negro
474,NUECES,Mendoza
475,NUECES,Salta
476,NUEZ,San Juan
477,NUEZ,Ciudad de Buenos Aires
478,NUEZ,Mendoza
479,NUEZ PECAN,Mendoza
480,NUEZ PECAN,Buenos Aires
481,NUEZ PECAN,Entre Ríos
482,OVEJAS,Santa Cruz
483,OVEJAS,Río Negro
484,OVEJAS,Chubut
485,PURE DE PERA,Mendoza
486,PURE DE PERA,Río Negro
487,PURE DE PERA,Ciudad de Buenos Aires
488,REMOLACHA,San Juan
489,REMOLACHA,Córdoba
490,REMOLACHA,Buenos Aires
491,SALVIA,Buenos Aires
492,SALVIA,San Juan
493,SALVIA,Córdoba
494,TOMILLO,Córdoba
495,TOMILLO,Buenos Aires
496,TOMILLO,San Luis
497,UVAS,Río Negro
498,UVAS,Salta
499,UVAS,Mendoza
500,YERBA MATE,Ciudad de Buenos Aires
501,YERBA MATE,Buenos Aires
502,YERBA MATE,Misiones
503,ZAPALLO ANCO,San Juan
504,ZAPALLO ANCO,San Luis
505,ZAPALLO ANCO,Mendoza
506,ABONO VERDE,Buenos Aires
507,ABONO VERDE,Mendoza
508,ACEITE DE COLZA,Ciudad de Buenos Aires
509,ACEITE DE COLZA,Buenos Aires
510,ACEITE DE COLZA CANOLA,Ciudad de Buenos Aires
511,ACEITE DE COLZA CANOLA,Buenos Aires
512,ACEITE DE GIRASOL,Ciudad de Buenos Aires
513,ACEITE DE GIRASOL,Buenos Aires
514,ACEITE DE JOJOBA,La Rioja
515,ACEITE DE JOJOBA,Ciudad de Buenos Aires
516,ACEITE ESENCIAL DE LIMON,Entre Ríos
517,ACEITE ESENCIAL DE LIMON,Corrientes
518,ACEITE ESENCIAL DE MANDARINA,Entre Ríos
519,ACEITE ESENCIAL DE MANDARINA,Corrientes
520,ACEITE ESENCIAL DE NARANJA,Entre Ríos
521,ACEITE ESENCIAL DE NARANJA,Corrientes
522,ACEITE ESENCIAL DE POMELO,Entre Ríos
523,ACEITE ESENCIAL DE POMELO,Corrientes
524,AJENJO,San Juan
525,AJENJO,Buenos Aires
526,AJO NEGRO,Mendoza
527,AJO NEGRO,Ciudad de Buenos Aires
528,ALCAUCIL,San Juan
529,ALCAUCIL,Buenos Aires
530,ALCOHOL,Salta
531,ALCOHOL,Ciudad de Buenos Aires
532,ALMENDRAS,San Juan
533,ALMENDRAS,Río Negro
534,APIO,Buenos Aires
535,APIO,Córdoba
536,ARVEJA,Córdoba
537,ARVEJA,Buenos Aires
538,AVELLANAS,San Juan
539,AVELLANAS,Río Negro
540,AVENA,Ciudad de Buenos Aires
541,AVENA,Buenos Aires
542,AZUCAR,Santa Fe
543,AZUCAR,Entre Ríos
544,BLOUSSE PUNCHAS,Ciudad de Buenos Aires
545,BLOUSSE PUNCHAS,Chubut
546,CANOLA,Buenos Aires
547,CANOLA,Ciudad de Buenos Aires
548,CAPUERA,Misiones
549,CAPUERA,Salta
550,CASSIS,Río Negro
551,CASSIS,Chubut
552,CEBOLLA DE VERDEO,Buenos Aires
553,CEBOLLA DE VERDEO,Córdoba
554,CEDRON,Buenos Aires
555,CEDRON,San Juan
556,CHAUCHA,Córdoba
557,CHAUCHA,Buenos Aires
558,CHOCLO,Mendoza
559,CHOCLO,Córdoba
560,CIBOULETTE,San Juan
561,CIBOULETTE,Buenos Aires
562,CILANTRO,Córdoba
563,CILANTRO,Buenos Aires
564,COLZA,Ciudad de Buenos Aires
565,COLZA,Buenos Aires
566,CORINTO,Río Negro
567,CORINTO,Chubut
568,DURAZNOS,Neuquén
569,DURAZNOS,Córdoba
570,ELAB ACEITE ROSA MOSQUETA,Río Negro
571,ELAB ACEITE ROSA MOSQUETA,Chubut
572,ESPARRAGO,Mendoza
573,ESPARRAGO,San Juan
574,ESTRAGON,San Juan
575,ESTRAGON,Buenos Aires
576,EXPELLER DE SOJA,Buenos Aires
577,EXPELLER DE SOJA,Córdoba
578,FORESTALES,Buenos Aires
579,FORESTALES,Mendoza
580,FRAMBUESA CONGELADA,Tucumán
581,FRAMBUESA CONGELADA,Buenos Aires
582,FRUTALES,Buenos Aires
583,FRUTALES,Entre Ríos
584,FRUTAS,Buenos Aires
585,FRUTAS,Santa Fe
586,FRUTOS,Santiago del Estero
587,FRUTOS,Buenos Aires
588,GROSELLA,Chubut
589,GROSELLA,Río Negro
590,HARINA DE COLZA,Buenos Aires
591,HARINA DE COLZA,Ciudad de Buenos Aires
592,HARINA DE MAIZ,Ciudad de Buenos Aires
593,HARINA DE MAIZ,Buenos Aires
594,HARINA DE SOJA,Buenos Aires
595,HARINA DE SOJA,Ciudad de Buenos Aires
596,HORTALIZAS,Mendoza
597,HORTALIZAS,Buenos Aires
598,HORTICULTURA,Buenos Aires
599,HORTICULTURA,Santa Fe
600,JUGO CONCENTRADO CONGELADO DE LIMON,Corrientes
601,JUGO CONCENTRADO CONGELADO DE LIMON,Entre Ríos
602,JUGO CONCENTRADO CONGELADO DE MANDARINA,Corrientes
603,JUGO CONCENTRADO CONGELADO DE MANDARINA,Entre Ríos
604,JUGO CONCENTRADO CONGELADO DE NARANJA,Corrientes
605,JUGO CONCENTRADO CONGELADO DE NARANJA,Entre Ríos
606,JUGO CONCENTRADO CONGELADO DE POMELO,Entre Ríos
607,JUGO CONCENTRADO CONGELADO DE POMELO,Corrientes
608,JUGO CONCENTRADO DE MANZANA,Río Negro
609,JUGO CONCENTRADO DE MANZANA,Neuquén
610,JUGO CONCENTRADO DE PERA,Río Negro
611,JUGO CONCENTRADO DE PERA,Neuquén
612,JUGO CONCENTRADO DE UVA,San Juan
613,JUGO CONCENTRADO DE UVA,Mendoza
614,JUGO DE UVA,Mendoza
615,JUGO DE UVA,San Juan
616,JUGO PASTEURIZADO CONGELADO DE LIMON,Corrientes
617,JUGO PASTEURIZADO CONGELADO DE LIMON,Entre Ríos
618,JUGO PASTEURIZADO CONGELADO DE MANDARINA,Entre Ríos
619,JUGO PASTEURIZADO CONGELADO DE MANDARINA,Corrientes
620,JUGO PASTEURIZADO CONGELADO DE NARANJA,Corrientes
621,JUGO PASTEURIZADO CONGELADO DE NARANJA,Entre Ríos
622,JUGO PASTEURIZADO CONGELADO DE POMELO,Entre Ríos
623,JUGO PASTEURIZADO CONGELADO DE POMELO,Corrientes
624,LANA LAVADA,Chubut
625,LANA LAVADA,Ciudad de Buenos Aires
626,LECHE,Buenos Aires
627,LECHE,Río Negro
628,LINO DORADO,Entre Ríos
629,LINO DORADO,Buenos Aires
630,MANZANA DESHIDRATADA,Río Negro
631,MANZANA DESHIDRATADA,Ciudad de Buenos Aires
632,MANZANAS,Neuquén
633,MANZANAS,Río Negro
634,MELAZA,Salta
635,MELAZA,Ciudad de Buenos Aires
636,MELISA,Buenos Aires
637,MELISA,San Juan
638,MORAS CONGELADAS,Tucumán
639,MORAS CONGELADAS,Buenos Aires
640,NABO,Córdoba
641,NABO,Buenos Aires
642,NOGALES,Buenos Aires
643,NOGALES,La Rioja
644,OTROS PRODUCTOS ORGANICOS,Buenos Aires
645,OTROS PRODUCTOS ORGANICOS,Ciudad de Buenos Aires
646,PAPA,Córdoba
647,PAPA,Mendoza
648,PASTIZAL NATURAL,Mendoza
649,PASTIZAL NATURAL,Tucumán
650,PERAS,Neuquén
651,PERAS,Río Negro
652,PEREJIL,Buenos Aires
653,PEREJIL,Córdoba
654,PIMIENTO,Buenos Aires
655,PIMIENTO,Córdoba
656,POROTO NEGRO,Tucumán
657,POROTO NEGRO,Jujuy
658,PUERRO,Córdoba
659,PUERRO,Buenos Aires
660,PULPA CONCENTRADA DE CIRUELA,Ciudad de Buenos Aires
661,PULPA CONCENTRADA DE CIRUELA,Mendoza
662,PULPA CONCENTRADA DE DAMASCO,Mendoza
663,PULPA CONCENTRADA DE DAMASCO,Ciudad de Buenos Aires
664,PULPA CONCENTRADA DE DURAZNO,Ciudad de Buenos Aires
665,PULPA CONCENTRADA DE DURAZNO,Mendoza
666,PULPA CONCENTRADA DE MANZANA,Mendoza
667,PULPA CONCENTRADA DE MANZANA,Ciudad de Buenos Aires
668,PULPA CONCENTRADA DE PERA,Ciudad de Buenos Aires
669,PULPA CONCENTRADA DE PERA,Mendoza
670,PULPA DE DAMASCO,Ciudad de Buenos Aires
671,PULPA DE DAMASCO,Mendoza
672,PULPA DE DURAZNO,Mendoza
673,PULPA DE DURAZNO,Ciudad de Buenos Aires
674,PULPA DE MANZANA,Ciudad de Buenos Aires
675,PULPA DE MANZANA,Mendoza
676,PULPA DE PERA,Ciudad de Buenos Aires
677,PULPA DE PERA,Mendoza
678,PULPA DE ZANAHORIA,Mendoza
679,PULPA DE ZANAHORIA,Ciudad de Buenos Aires
680,PULPA DE ZAPALLO,Ciudad de Buenos Aires
681,PULPA DE ZAPALLO,Mendoza
682,PURE DE BATATA,Ciudad de Buenos Aires
683,PURE DE BATATA,Mendoza
684,PURE DE DAMASCO,Ciudad de Buenos Aires
685,PURE DE DAMASCO,Mendoza
686,PURE DE DAMASCO CONCENTRADO,Mendoza
687,PURE DE DAMASCO CONCENTRADO,Ciudad de Buenos Aires
688,PURE DE DURAZNO,Ciudad de Buenos Aires
689,PURE DE DURAZNO,Mendoza
690,PURE DE DURAZNO CONCENTRADO,Ciudad de Buenos Aires
691,PURE DE DURAZNO CONCENTRADO,Mendoza
692,PURE DE MANZANA,Ciudad de Buenos Aires
693,PURE DE MANZANA,Mendoza
694,PURE DE MANZANA CONCENTRADO,Ciudad de Buenos Aires
695,PURE DE MANZANA CONCENTRADO,Mendoza
696,PURE DE PERA CONCENTRADO,Ciudad de Buenos Aires
697,PURE DE PERA CONCENTRADO,Mendoza
698,PURE DE ZANAHORIA,Mendoza
699,PURE DE ZANAHORIA,Ciudad de Buenos Aires
700,PURE DE ZAPALLO,Mendoza
701,PURE DE ZAPALLO,Ciudad de Buenos Aires
702,QUINOA,Tucumán
703,QUINOA,Salta
704,RABANITO,Buenos Aires
705,RABANITO,Córdoba
706,RAIZ,Santa Fe
707,RAIZ,Buenos Aires
708,REPOLLO,Buenos Aires
709,REPOLLO,San Juan
710,RUCULA,Buenos Aires
711,RUCULA,Córdoba
712,SANDIA,Entre Ríos
713,SANDIA,La Rioja
714,SIN PROD,San Luis
715,SIN PROD,Misiones
716,STEVIA,Misiones
717,STEVIA,Entre Ríos
718,TE,Ciudad de Buenos Aires
719,TE,Misiones
720,TE NEGRO,Ciudad de Buenos Aires
721,TE NEGRO,Misiones
722,TOPS DE LANA,Chubut
723,TOPS DE LANA,Ciudad de Buenos Aires
724,UVA,Catamarca
725,UVA,San Juan
726,UVA DE MESA,San Juan
727,UVA DE MESA,Mendoza
728,UVA PASA,La Rioja
729,UVA PASA,San Juan
730,VINO ESPUMANTE,Mendoza
731,VINO ESPUMANTE,San Juan
732,ZAPALLITO,Buenos Aires
733,ZAPALLITO,Córdoba
734,ZARZAMORA,Chubut
735,ZARZAMORA,Río Negro
736,ACEITE DE CANOLA,Buenos Aires
737,ACEITE DE CARTAMO,Buenos Aires
738,ACEITE DE CHIA,La Rioja
739,ACEITE DE GIRASOL ALTO OLEICO,Buenos Aires
740,ACEITE DE LIMON,Tucumán
741,ACEITE DE LIMPIEZA,Ciudad de Buenos Aires
742,ACEITE DE MANDARINA,Entre Ríos
743,ACEITE DE MANI,Córdoba
744,ACEITE DE OLIVA SABORIZADO,La Rioja
745,ACEITE DE PARAMELA,Chubut
746,ACEITE DE ROSA MOSQUETA,Chubut
747,ACEITE ESENCIAL DE GERANIO,Catamarca
748,ACEITE ESENCIAL DE LEMONGRASS,Catamarca
749,ACEITE ESENCIAL DE OREGANO,Catamarca
750,ACEITES,Buenos Aires
751,ACEITES DE COLZA,Buenos Aires
752,ACETO,San Juan
753,ACOPIO DE CEREALES,Buenos Aires
754,ACOPIO DE MAIZ,Entre Ríos
755,AGRICULTURA,Entre Ríos
756,AJEDREA,Buenos Aires
757,AJI,San Juan
758,ALAMO,San Juan
759,ALBAHACA,Buenos Aires
760,ALGARROBO,La Rioja
761,ALGAS MARINAS,Chubut
762,ALIMENTO BALANCEADO,Buenos Aires
763,ALPISTE,Buenos Aires
764,AMARANTO,Córdoba
765,ANANA,Misiones
766,AROMAS DE  MANZANA,Neuquén
767,AROMAS DE PERA,Neuquén
768,ARROZ BLANCO PULIDO,Entre Ríos
769,ARROZ INTEGRAL,Entre Ríos
770,ARVEJAS,Córdoba
771,AVELLANO,Chubut
772,AVENA ARROLLADA,Buenos Aires
773,AZAFRAN,San Juan
774,BANANO,Formosa
775,BERENJENAS,Buenos Aires
776,BLANCO PULIDO,Entre Ríos
777,BOVINOS,Salta
778,BOYSENBERRY,Chubut
779,CALENDULA,Neuquén
780,CAMPO INCULTO,Salta
781,CARAMELOS,Buenos Aires
782,CARNE VACUNA,Ciudad de Buenos Aires
783,CAROZO,Buenos Aires
784,CARTAMO,Ciudad de Buenos Aires
785,CASCARILLA DE ROSA MOSQUETA,Chubut
786,CASTAÑA,La Rioja
787,CAÑA DE CASTILLA,Mendoza
788,CEBOLLA VERDEO,Buenos Aires
789,CERELAES,Río Negro
790,CHOCOLATE,Ciudad de Buenos Aires
791,CHUFA,Buenos Aires
792,CHUPETINES,Buenos Aires
793,CIRUELA DESECADA,Mendoza
794,CIRUELA DESHIDRATADA CON CAROZO,Ciudad de Buenos Aires
795,CIRUELAS DESECADAS,Mendoza
796,CIRUELAS SECAS,Mendoza
797,CITRICOS,Buenos Aires
798,COLIFLOR,Buenos Aires
799,COLZA CANOLA,Buenos Aires
800,COMERCIALIZACION DE CEREALES,Córdoba
801,COMERCIALIZACION DE MANI,Córdoba
802,CONFITURAS,Chubut
803,CONGELADO DE FRUTILLAS,Santa Fe
804,CORIANDRO,Entre Ríos
805,CORTES DE CARNE VACUNA CONGELADA,Santa Fe
806,CORTES DE CARNE VACUNA ENFRIADA,Santa Fe
807,CREMA FACIAL ANTIAGE,Ciudad de Buenos Aires
808,CREMA FACIAL DIURNA,Ciudad de Buenos Aires
809,CREMA FACIAL NOCTURNA NUTRITIVA,Ciudad de Buenos Aires
810,CURCUMA,Buenos Aires
811,DAMASCOS,Mendoza
812,DINKEL,Buenos Aires
813,DULCES,Santa Fe
814,ECHALOTTE,Mendoza
815,EMULSION CORPORAL ANTIAGE,Ciudad de Buenos Aires
816,EMULSION CORPORAL NUTRITIVA,Ciudad de Buenos Aires
817,EMULSION CORPORAL SUAVIZANTE,Ciudad de Buenos Aires
818,ESCAROLA,Buenos Aires
819,ESCAROLA FINA,Córdoba
820,ESPARRAGO CONGELADOS,Buenos Aires
821,ESPUMANTES,Mendoza
822,ESTAMPADO DE CERA,Entre Ríos
823,EXPELLER DE CANOLA,Buenos Aires
824,EXPELLER DE CARTAMO,Buenos Aires
825,EXPELLER DE COLZA,Buenos Aires
826,EXPELLER DE COLZA CANOLA,Buenos Aires
827,EXPELLER DE GIRASOL,Buenos Aires
828,EXTRACCION,Santa Fe
829,EXTRACCION DE MIEL,Entre Ríos
830,EXTRACTO DE ALGAS LIOFILIZADO,Chubut
831,FASE OLEOSA DE LIMON,Entre Ríos
832,FASE OLEOSA DE MANDARINA,Entre Ríos
833,FASE OLEOSA DE NARANJA,Entre Ríos
834,FASE OLEOSA DE POMELO,Entre Ríos
835,FRACCIONAMIENTO DE MIEL,Santa Fe
836,FRUTAS AL NATURAL FRAMBUESAS,Chubut
837,FRUTAS IQF,Buenos Aires
838,FRUTAS TROPICALES,Formosa
839,FRUTICULTURA,Santa Fe
840,FRUTILLAS,Chubut
841,FRUTO,Santa Fe
842,FRUTOS DEL BOSQUE,Chubut
843,GANADERIA OVINA,Buenos Aires
844,GARRAPIÑADA,Buenos Aires
845,GEL DE ALOE VERA,Santa Fe
846,GERANIO,Catamarca
847,GIRASOL ALTO OLEICO,Buenos Aires
848,GIRASOL CONFITERO,Entre Ríos
849,GRANADAS,Santa Fe
850,GRANADO,La Rioja
851,GRANOS,Ciudad de Buenos Aires
852,GUANACOS,Chubut
853,GUINDA,Chubut
854,GUINDAS,Chubut
855,HABAS,Buenos Aires
856,HARINA,Entre Ríos
857,HARINA DE GIRASOL,Ciudad de Buenos Aires
858,HARINA DE MANI,Córdoba
859,HARINA DE TRIGO,Buenos Aires
860,HARINA GIRASOL,Buenos Aires
861,HARINA SOJA,Buenos Aires
862,HARINA ZOOTECNICA,Buenos Aires
863,HARINAS,Buenos Aires
864,HIGO,Buenos Aires
865,HINOJO,Buenos Aires
866,HIPERICOM,Chubut
867,HISOPO,Buenos Aires
868,HOJA,Buenos Aires
869,HOJAS,Buenos Aires
870,HOMINY GRITS,Buenos Aires
871,HORTALIZAS DE HOJA,Santa Fe
872,HORTALIZAS DE HOJAS,Santiago del Estero
873,HORTALIZAS DE RAIZ,Buenos Aires
874,HUEVOS,Buenos Aires
875,JENJIBRE,Buenos Aires
876,JOJOBA,La Rioja
877,JUGO,Tucumán
878,JUGO CONCENTRADO,Río Negro
879,JUGO CONCENTRADO DE LIMON,Entre Ríos
880,JUGO CONCENTRADO DE MANDARINA,Entre Ríos
881,JUGO CONCENTRADO DE NARANJA,Entre Ríos
882,JUGO CONCENTRADO TURBIO DE PERA,Neuquén
883,JUGO DE ALOE VERA,Santa Fe
884,JUGO DE ALOE VERA SABORIZADO,Santa Fe
885,JUGO DE MANZANA,Río Negro
886,JUGO DE UVA CONCENTRADO BLANCO,Mendoza
887,JUGOS,Santa Fe
888,KALE,Buenos Aires
889,KIWI,Buenos Aires
890,KIWIS,Buenos Aires
891,LANA PEINADA,Chubut
892,LAUREL,La Rioja
893,LAVANDIN,Buenos Aires
894,LECHUGA CRESPA,Córdoba
895,LECHUGA MANTECOSA,Córdoba
896,LERCHUGA GALLEGA,Córdoba
897,LIMA,San Juan
898,LINO MARRON,Entre Ríos
899,MALBEC 2015,Mendoza
900,MANDIOCA,Misiones
901,MANGO,Formosa
902,MANI,Córdoba
903,MANI CONFITERIA,Córdoba
904,MANI FRITO SALADO,Córdoba
905,MANI TOSTADO,Córdoba
906,MANZANILLA,Córdoba
907,MANZANZA,Río Negro
908,MATE COCIDO,Misiones
909,MATICO,San Juan
910,MEDICINALES,Misiones
911,MEDICINALES; DULCES,Santa Fe
912,MEGAFARDOS DE ALFALFA,Río Negro
913,MILENRAMA,Buenos Aires
914,MOLIDA ENVASADA,Misiones
915,MORAS SILVESTRES,Buenos Aires
916,MORILLAS,Chubut
917,MOSTO,Mendoza
918,MOSTO CONCENTRADO DE UVA,San Juan
919,MOSTO DE UVA,San Juan
920,NECTARINAS,Río Negro
921,NUEZ SECA CON CASCARA,Río Negro
922,NUEZ SECA PELADA,Río Negro
923,OELAGINOSAS,Río Negro
924,OLIVA,La Rioja
925,OLIVAS,Córdoba
926,OTROS,Córdoba
927,PAK CHOY,Buenos Aires
928,PALTA,Tucumán
929,PALTAS,Santa Fe
930,PAPILLA PARA BEBE,Ciudad de Buenos Aires
931,PARTIDO,Entre Ríos
932,PASAS,Santa Fe
933,PASTA DE MANI,Córdoba
934,PASTA DE PERA,Neuquén
935,PASTO LIMON,Catamarca
936,PASTOS NATURALES,Santa Fe
937,PASTOS NATURALES E IMPLANTADOS,Salta
938,PASTURA NATURAL,San Luis
939,PASTURAS,Buenos Aires
940,PATE DE TRUCHA,Ciudad de Buenos Aires
941,PELON,Río Negro
942,PEPINO,Córdoba
943,PEPITA,Buenos Aires
944,PERAS CONGELADAS,Santa Fe
945,PIMIENTOS,Buenos Aires
946,PINOT GRIS,Mendoza
947,PISTACHO,San Juan
948,PONELO,Misiones
949,POROTO COLORADO,Jujuy
950,POROTO MUNG,La Pampa
951,POROTO SABLE,Misiones
952,PROCESAMIENTO ACONDICIONAMIENTO DE CEREALES,Entre Ríos
953,PRODUCTOS ORGANICOS DE ORIGEN ANIMAL,Buenos Aires
954,PUERROS,Buenos Aires
955,PULIDO,Entre Ríos
956,PULPA,Río Negro
957,PULPA CONCENTRADA DE MANDARINA,Entre Ríos
958,PULPA CONGELADA DE LIMON,Entre Ríos
959,PULPA CONGELADA DE NARANJA,Entre Ríos
960,PULPA CONGELADA DE POMELO,Entre Ríos
961,PULPA DE CIRUELA,Ciudad de Buenos Aires
962,PULPAS,Santa Fe
963,PURE DE CIRUELA CONCENTRADO,Mendoza
964,QUESO,Buenos Aires
965,QUESO SABORIZADO,Buenos Aires
966,QUINOTO,Misiones
967,RADICHETA,Buenos Aires
968,RESIDUO VEGETAL,Buenos Aires
969,ROSA MOSQUETA,Chubut
970,ROSELLA,Misiones
971,SAUCO,Chubut
972,SEMILLA DE CEBOLLA,Mendoza
973,SEMILLA DE JOJOBA,La Rioja
974,SEMILLA DE LECHUGA,Mendoza
975,SEMILLAS,Buenos Aires
976,SEMILLAS DE LIMON,Corrientes
977,SEMILLAS DE POMELO,Corrientes
978,SEMITA DE MAIZ,Buenos Aires
979,SEMOLA DE ARROZ,Entre Ríos
980,SEMOLA DE MAIZ,Buenos Aires
981,SERUM CONTORNO DE LABIOS,Ciudad de Buenos Aires
982,SERUM CONTORNO DE OJOS,Ciudad de Buenos Aires
983,SIDRA,Río Negro
984,SMOOTHIES,Santa Fe
985,SORGO FORRAJERO,Buenos Aires
986,SUS DERIVADOS,Córdoba
987,SYRUP,Salta
988,TE ROJO,Misiones
989,TE SABORIZADO,Misiones
990,TE VERDE,Misiones
991,TOMATE PERITA,San Juan
992,TONICO FACIAL,Ciudad de Buenos Aires
993,TORTA DE SOJA,Ciudad de Buenos Aires
994,TRITICALE,Entre Ríos
995,TRUCA AL AJI KITUCHO,Ciudad de Buenos Aires
996,TRUCHAS A LAS FINAS HIERBAS,Ciudad de Buenos Aires
997,TURRON,Buenos Aires
998,UVAS FRESCAS MESA,Mendoza
999,UVAS PARA VINIFICAR,Mendoza
1000,VACAS DE TAMBO,Buenos Aires
1001,VD,La Rioja
1002,VEGETAL,Buenos Aires
1003,VICIA,Córdoba
1004,VINAGRE,San Juan
1005,VINOS,Mendoza
1006,VIVERO,Neuquén
1007,YERBA,Misiones
1008,YERBA MATE CANCHADA,Misiones
1009,ZAPALLO RED HOKKAIDO,Buenos Aires
1010,ZUCCHINI,Buenos Aires
1011,ZUCCINI,Córdoba
